Employee_Key,Employee_ID,Department,Role,Experience_Years,Salary_Band,Education,Performance_Rating,Hire_Date
1,E00001,Retail Banking,Teller,16,Band 2 (5-8L),CA,Meets Expectations,2009-09-08
2,E00002,Corporate Banking,Teller,25,Band 4 (12-20L),Graduate,Exceeds Expectations,2010-06-14
3,E00003,Operations,Relationship Manager,10,Band 5 (20L+),Graduate,Outstanding,2014-09-27
4,E00004,Retail Banking,Analyst,5,Band 2 (5-8L),Post Graduate,Needs Improvement,2006-08-14
5,E00005,IT,Loan Officer,14,Band 3 (8-12L),Graduate,Outstanding,2000-02-16
6,E00006,IT,Relationship Manager,24,Band 3 (8-12L),MBA,Meets Expectations,2012-06-08
7,E00007,Operations,Relationship Manager,19,Band 4 (12-20L),CA,Needs Improvement,2006-06-28
8,E00008,Corporate Banking,IT Support,4,Band 2 (5-8L),Graduate,Exceeds Expectations,2005-10-30
9,E00009,Corporate Banking,Customer Service Rep,20,Band 3 (8-12L),Post Graduate,Exceeds Expectations,2011-03-30
10,E00010,Corporate Banking,Customer Service Rep,16,Band 2 (5-8L),PhD,Outstanding,2007-10-29
11,E00011,Corporate Banking,Relationship Manager,24,Band 2 (5-8L),MBA,Outstanding,2004-12-06
12,E00012,Retail Banking,Analyst,15,Band 1 (3-5L),PhD,Outstanding,2001-02-26
13,E00013,Operations,Teller,9,Band 3 (8-12L),Graduate,Meets Expectations,2005-11-29
14,E00014,Corporate Banking,Customer Service Rep,3,Band 4 (12-20L),Graduate,Meets Expectations,2000-08-31
15,E00015,Retail Banking,IT Support,23,Band 2 (5-8L),Graduate,Meets Expectations,2016-01-26
16,E00016,Retail Banking,Relationship Manager,9,Band 3 (8-12L),Post Graduate,Exceeds Expectations,2010-09-03
17,E00017,Retail Banking,Teller,18,Band 3 (8-12L),MBA,Meets Expectations,2014-07-10
18,E00018,Risk & Compliance,Branch Manager,4,Band 2 (5-8L),Graduate,Meets Expectations,2000-09-15
19,E00019,Retail Banking,Teller,19,Band 4 (12-20L),Post Graduate,Exceeds Expectations,2007-10-25
20,E00020,HR,Teller,24,Band 2 (5-8L),Graduate,Exceeds Expectations,2011-11-26
21,E00021,Operations,Analyst,4,Band 1 (3-5L),MBA,Outstanding,2002-05-08
22,E00022,HR,Teller,9,Band 1 (3-5L),Graduate,Needs Improvement,2005-09-07
23,E00023,Corporate Banking,Loan Officer,1,Band 4 (12-20L),Graduate,Meets Expectations,2018-11-19
24,E00024,Risk & Compliance,Analyst,1,Band 5 (20L+),MBA,Meets Expectations,2005-02-05
25,E00025,Retail Banking,IT Support,20,Band 2 (5-8L),Graduate,Meets Expectations,2002-11-07
26,E00026,Operations,Loan Officer,19,Band 1 (3-5L),Post Graduate,Meets Expectations,2021-05-12
27,E00027,Retail Banking,Teller,3,Band 2 (5-8L),Post Graduate,Outstanding,2020-02-09
28,E00028,Corporate Banking,Relationship Manager,10,Band 3 (8-12L),CA,Meets Expectations,2016-03-28
29,E00029,Operations,Branch Manager,12,Band 3 (8-12L),MBA,Meets Expectations,2023-01-08
30,E00030,Operations,Loan Officer,18,Band 5 (20L+),MBA,Outstanding,2004-11-21
31,E00031,Corporate Banking,Relationship Manager,14,Band 4 (12-20L),PhD,Needs Improvement,2020-04-10
32,E00032,Retail Banking,Teller,10,Band 4 (12-20L),PhD,Exceeds Expectations,2022-08-07
33,E00033,Operations,Branch Manager,10,Band 2 (5-8L),MBA,Exceeds Expectations,2009-12-08
34,E00034,Corporate Banking,Loan Officer,18,Band 2 (5-8L),Post Graduate,Meets Expectations,2001-12-11
35,E00035,Retail Banking,Teller,24,Band 3 (8-12L),MBA,Meets Expectations,2023-05-23
36,E00036,Risk & Compliance,Relationship Manager,1,Band 2 (5-8L),Post Graduate,Exceeds Expectations,2013-07-12
37,E00037,Treasury,Teller,15,Band 2 (5-8L),PhD,Meets Expectations,2020-07-18
38,E00038,HR,Loan Officer,8,Band 1 (3-5L),MBA,Exceeds Expectations,2001-05-25
39,E00039,IT,Customer Service Rep,26,Band 2 (5-8L),Graduate,Meets Expectations,2002-09-23
40,E00040,Retail Banking,Teller,3,Band 3 (8-12L),Graduate,Outstanding,2021-06-26
41,E00041,Treasury,Customer Service Rep,18,Band 3 (8-12L),Graduate,Outstanding,2018-01-06
42,E00042,Corporate Banking,Relationship Manager,9,Band 1 (3-5L),Graduate,Outstanding,2019-02-14
43,E00043,Retail Banking,Relationship Manager,16,Band 3 (8-12L),Graduate,Exceeds Expectations,2004-11-03
44,E00044,IT,Branch Manager,21,Band 1 (3-5L),Post Graduate,Exceeds Expectations,2021-12-28
45,E00045,Retail Banking,Loan Officer,15,Band 3 (8-12L),Graduate,Meets Expectations,2019-11-24
46,E00046,Corporate Banking,Customer Service Rep,5,Band 2 (5-8L),MBA,Exceeds Expectations,2003-04-19
47,E00047,Retail Banking,Relationship Manager,13,Band 4 (12-20L),Graduate,Outstanding,2003-08-16
48,E00048,Corporate Banking,Loan Officer,22,Band 3 (8-12L),Graduate,Outstanding,2014-06-13
49,E00049,Operations,Teller,20,Band 3 (8-12L),Post Graduate,Outstanding,2006-08-27
50,E00050,Corporate Banking,IT Support,7,Band 3 (8-12L),CA,Exceeds Expectations,2002-12-12
51,E00051,Retail Banking,Customer Service Rep,16,Band 3 (8-12L),Post Graduate,Outstanding,2005-08-29
52,E00052,Corporate Banking,Customer Service Rep,7,Band 1 (3-5L),Post Graduate,Exceeds Expectations,2012-05-02
53,E00053,Corporate Banking,Loan Officer,27,Band 3 (8-12L),Post Graduate,Exceeds Expectations,2014-08-02
54,E00054,Retail Banking,IT Support,25,Band 2 (5-8L),Graduate,Meets Expectations,2017-01-31
55,E00055,Risk & Compliance,IT Support,22,Band 2 (5-8L),Post Graduate,Meets Expectations,2013-03-24
56,E00056,Corporate Banking,Loan Officer,16,Band 2 (5-8L),Graduate,Exceeds Expectations,2020-05-08
57,E00057,HR,Teller,13,Band 4 (12-20L),Post Graduate,Exceeds Expectations,2022-09-04
58,E00058,Retail Banking,Teller,17,Band 2 (5-8L),MBA,Exceeds Expectations,2019-04-19
59,E00059,Retail Banking,Teller,9,Band 2 (5-8L),MBA,Outstanding,2004-06-12
60,E00060,Retail Banking,Loan Officer,12,Band 5 (20L+),Graduate,Outstanding,2005-02-17
61,E00061,Corporate Banking,Teller,13,Band 4 (12-20L),MBA,Meets Expectations,2009-08-23
62,E00062,Retail Banking,Analyst,26,Band 1 (3-5L),Graduate,Exceeds Expectations,2019-04-17
63,E00063,Corporate Banking,Teller,9,Band 4 (12-20L),Graduate,Needs Improvement,2020-04-03
64,E00064,Corporate Banking,Customer Service Rep,5,Band 2 (5-8L),Post Graduate,Exceeds Expectations,2010-04-01
65,E00065,Retail Banking,Teller,7,Band 3 (8-12L),Post Graduate,Meets Expectations,2018-07-24
66,E00066,Operations,Customer Service Rep,1,Band 3 (8-12L),Graduate,Meets Expectations,2015-03-16
67,E00067,Treasury,Teller,4,Band 2 (5-8L),MBA,Exceeds Expectations,2020-05-05
68,E00068,Retail Banking,Loan Officer,26,Band 3 (8-12L),CA,Exceeds Expectations,2017-11-19
69,E00069,Operations,Teller,4,Band 2 (5-8L),Graduate,Meets Expectations,2018-08-29
70,E00070,Operations,Teller,16,Band 1 (3-5L),Post Graduate,Meets Expectations,2004-04-06
71,E00071,Corporate Banking,Analyst,5,Band 3 (8-12L),Graduate,Exceeds Expectations,2014-01-07
72,E00072,HR,Relationship Manager,22,Band 2 (5-8L),Post Graduate,Outstanding,2019-02-22
73,E00073,Treasury,Teller,4,Band 5 (20L+),Graduate,Exceeds Expectations,2014-01-07
74,E00074,Corporate Banking,Relationship Manager,6,Band 2 (5-8L),PhD,Exceeds Expectations,2011-06-08
75,E00075,Operations,Analyst,26,Band 1 (3-5L),Post Graduate,Needs Improvement,2016-10-15
76,E00076,Operations,Teller,23,Band 3 (8-12L),MBA,Meets Expectations,2006-11-05
77,E00077,Corporate Banking,Loan Officer,3,Band 2 (5-8L),Graduate,Outstanding,2021-04-10
78,E00078,Retail Banking,Relationship Manager,25,Band 1 (3-5L),MBA,Exceeds Expectations,2003-01-04
79,E00079,Risk & Compliance,Teller,8,Band 2 (5-8L),CA,Outstanding,2004-02-03
80,E00080,IT,Analyst,17,Band 5 (20L+),MBA,Meets Expectations,2003-10-30
81,E00081,Retail Banking,Relationship Manager,18,Band 2 (5-8L),CA,Needs Improvement,2004-03-07
82,E00082,Retail Banking,Customer Service Rep,18,Band 2 (5-8L),Graduate,Outstanding,2019-05-16
83,E00083,Risk & Compliance,Relationship Manager,26,Band 2 (5-8L),Post Graduate,Exceeds Expectations,2004-05-01
84,E00084,Retail Banking,Teller,25,Band 1 (3-5L),MBA,Needs Improvement,2016-09-18
85,E00085,Operations,Loan Officer,12,Band 1 (3-5L),Post Graduate,Outstanding,2005-11-01
86,E00086,Retail Banking,Loan Officer,25,Band 4 (12-20L),CA,Exceeds Expectations,2002-09-09
87,E00087,Retail Banking,Loan Officer,25,Band 5 (20L+),Graduate,Exceeds Expectations,2014-10-14
88,E00088,Retail Banking,Loan Officer,1,Band 1 (3-5L),Graduate,Outstanding,2005-06-25
89,E00089,Corporate Banking,Teller,23,Band 2 (5-8L),Graduate,Outstanding,2018-06-05
90,E00090,Retail Banking,Teller,12,Band 5 (20L+),CA,Needs Improvement,2015-11-11
91,E00091,Operations,Branch Manager,11,Band 1 (3-5L),CA,Meets Expectations,2018-12-21
92,E00092,Operations,Customer Service Rep,13,Band 1 (3-5L),Post Graduate,Exceeds Expectations,2002-04-22
93,E00093,Corporate Banking,Customer Service Rep,3,Band 4 (12-20L),Post Graduate,Exceeds Expectations,2012-11-25
94,E00094,Operations,Relationship Manager,27,Band 3 (8-12L),MBA,Meets Expectations,2014-01-06
95,E00095,Corporate Banking,Relationship Manager,25,Band 1 (3-5L),MBA,Exceeds Expectations,2015-10-10
96,E00096,Corporate Banking,Branch Manager,8,Band 2 (5-8L),Graduate,Exceeds Expectations,2004-08-24
97,E00097,Corporate Banking,IT Support,3,Band 1 (3-5L),MBA,Outstanding,2022-10-05
98,E00098,Corporate Banking,Customer Service Rep,17,Band 2 (5-8L),Post Graduate,Meets Expectations,2009-07-17
99,E00099,Treasury,Teller,25,Band 3 (8-12L),Post Graduate,Exceeds Expectations,2006-12-10
100,E00100,Operations,Teller,13,Band 3 (8-12L),Graduate,Outstanding,2021-08-18
101,E00101,Retail Banking,Teller,10,Band 3 (8-12L),MBA,Exceeds Expectations,2010-01-22
102,E00102,Operations,Loan Officer,17,Band 2 (5-8L),MBA,Outstanding,2004-11-08
103,E00103,Retail Banking,Customer Service Rep,3,Band 1 (3-5L),MBA,Needs Improvement,2015-09-15
104,E00104,Retail Banking,Teller,13,Band 1 (3-5L),MBA,Meets Expectations,2016-06-27
105,E00105,Corporate Banking,Analyst,22,Band 4 (12-20L),Post Graduate,Exceeds Expectations,2005-02-25
106,E00106,IT,Loan Officer,6,Band 3 (8-12L),MBA,Exceeds Expectations,2012-06-30
107,E00107,Corporate Banking,Relationship Manager,14,Band 2 (5-8L),Post Graduate,Meets Expectations,2010-02-22
108,E00108,HR,Loan Officer,27,Band 2 (5-8L),MBA,Exceeds Expectations,2019-04-01
109,E00109,Corporate Banking,Teller,10,Band 4 (12-20L),Post Graduate,Meets Expectations,2001-03-06
110,E00110,Retail Banking,Analyst,20,Band 2 (5-8L),MBA,Meets Expectations,2011-12-30
111,E00111,Treasury,Teller,16,Band 2 (5-8L),MBA,Exceeds Expectations,2001-04-19
112,E00112,Corporate Banking,Teller,18,Band 2 (5-8L),MBA,Needs Improvement,2008-02-03
113,E00113,IT,Customer Service Rep,13,Band 2 (5-8L),MBA,Exceeds Expectations,2012-04-04
114,E00114,IT,Loan Officer,10,Band 4 (12-20L),Post Graduate,Exceeds Expectations,2013-11-10
115,E00115,Risk & Compliance,Teller,6,Band 3 (8-12L),MBA,Meets Expectations,2015-03-30
116,E00116,Retail Banking,IT Support,10,Band 3 (8-12L),Post Graduate,Meets Expectations,2015-09-30
117,E00117,Retail Banking,Teller,5,Band 4 (12-20L),PhD,Meets Expectations,2000-04-10
118,E00118,IT,Teller,6,Band 5 (20L+),MBA,Meets Expectations,2008-02-20
119,E00119,Operations,Analyst,7,Band 2 (5-8L),Graduate,Exceeds Expectations,2006-06-05
120,E00120,Operations,Branch Manager,11,Band 1 (3-5L),MBA,Exceeds Expectations,2017-12-23
121,E00121,Retail Banking,Relationship Manager,16,Band 2 (5-8L),Post Graduate,Exceeds Expectations,2003-02-14
122,E00122,Retail Banking,Loan Officer,25,Band 1 (3-5L),PhD,Meets Expectations,2006-05-13
123,E00123,Corporate Banking,Relationship Manager,12,Band 3 (8-12L),MBA,Exceeds Expectations,2001-05-17
124,E00124,Retail Banking,IT Support,12,Band 4 (12-20L),Graduate,Outstanding,2004-02-12
125,E00125,Retail Banking,Teller,23,Band 3 (8-12L),Post Graduate,Needs Improvement,2009-08-25
126,E00126,Retail Banking,Loan Officer,20,Band 2 (5-8L),Post Graduate,Exceeds Expectations,2016-11-15
127,E00127,Retail Banking,Relationship Manager,26,Band 1 (3-5L),MBA,Exceeds Expectations,2018-10-31
128,E00128,IT,Teller,5,Band 2 (5-8L),MBA,Exceeds Expectations,2020-05-07
129,E00129,Operations,Loan Officer,16,Band 4 (12-20L),Post Graduate,Exceeds Expectations,2015-04-17
130,E00130,Retail Banking,Loan Officer,6,Band 2 (5-8L),MBA,Exceeds Expectations,2007-01-22
131,E00131,Retail Banking,Customer Service Rep,9,Band 1 (3-5L),Post Graduate,Outstanding,2016-08-06
132,E00132,Operations,Teller,5,Band 2 (5-8L),Graduate,Outstanding,2013-12-23
133,E00133,Retail Banking,Customer Service Rep,21,Band 5 (20L+),Graduate,Exceeds Expectations,2014-07-20
134,E00134,IT,Teller,23,Band 3 (8-12L),Post Graduate,Exceeds Expectations,2003-10-23
135,E00135,IT,Loan Officer,16,Band 4 (12-20L),Graduate,Outstanding,2002-05-11
136,E00136,HR,Loan Officer,18,Band 3 (8-12L),Graduate,Exceeds Expectations,2006-12-24
137,E00137,Operations,Relationship Manager,19,Band 2 (5-8L),Graduate,Exceeds Expectations,2007-01-23
138,E00138,Corporate Banking,Loan Officer,12,Band 1 (3-5L),CA,Outstanding,2002-03-26
139,E00139,Operations,Branch Manager,2,Band 2 (5-8L),Graduate,Meets Expectations,2003-08-29
140,E00140,Retail Banking,Loan Officer,26,Band 3 (8-12L),Graduate,Meets Expectations,2012-03-16
141,E00141,Retail Banking,Customer Service Rep,10,Band 4 (12-20L),Graduate,Exceeds Expectations,2019-11-16
142,E00142,Retail Banking,Relationship Manager,12,Band 2 (5-8L),Post Graduate,Exceeds Expectations,2019-01-08
143,E00143,Corporate Banking,Analyst,14,Band 1 (3-5L),Post Graduate,Meets Expectations,2021-10-14
144,E00144,Retail Banking,Teller,18,Band 3 (8-12L),Graduate,Meets Expectations,2019-10-30
145,E00145,Retail Banking,Analyst,19,Band 1 (3-5L),MBA,Needs Improvement,2018-07-30
146,E00146,Operations,Relationship Manager,6,Band 3 (8-12L),MBA,Exceeds Expectations,2012-04-02
147,E00147,Treasury,Analyst,5,Band 2 (5-8L),Post Graduate,Meets Expectations,2009-09-01
148,E00148,Retail Banking,Relationship Manager,27,Band 2 (5-8L),Post Graduate,Meets Expectations,2022-12-25
149,E00149,Corporate Banking,Teller,16,Band 2 (5-8L),Post Graduate,Exceeds Expectations,2005-02-07
150,E00150,Retail Banking,Analyst,14,Band 3 (8-12L),Graduate,Outstanding,2015-06-26
151,E00151,Risk & Compliance,Relationship Manager,13,Band 2 (5-8L),MBA,Exceeds Expectations,2019-04-14
152,E00152,Retail Banking,Branch Manager,21,Band 2 (5-8L),MBA,Outstanding,2004-12-21
153,E00153,HR,Customer Service Rep,2,Band 4 (12-20L),MBA,Outstanding,2012-09-14
154,E00154,Retail Banking,Loan Officer,2,Band 1 (3-5L),Post Graduate,Meets Expectations,2021-10-29
155,E00155,IT,Loan Officer,12,Band 1 (3-5L),CA,Exceeds Expectations,2013-11-01
156,E00156,Retail Banking,Branch Manager,1,Band 3 (8-12L),Post Graduate,Outstanding,2002-01-14
157,E00157,Retail Banking,Customer Service Rep,19,Band 1 (3-5L),Graduate,Meets Expectations,2009-11-21
158,E00158,Retail Banking,Relationship Manager,27,Band 2 (5-8L),Post Graduate,Exceeds Expectations,2017-09-23
159,E00159,Retail Banking,Analyst,16,Band 5 (20L+),MBA,Exceeds Expectations,2002-06-16
160,E00160,IT,Customer Service Rep,7,Band 3 (8-12L),MBA,Exceeds Expectations,2000-05-05
161,E00161,Operations,Customer Service Rep,27,Band 3 (8-12L),Post Graduate,Exceeds Expectations,2009-03-03
162,E00162,Corporate Banking,Relationship Manager,21,Band 3 (8-12L),Graduate,Exceeds Expectations,2013-07-09
163,E00163,Treasury,Analyst,7,Band 1 (3-5L),MBA,Meets Expectations,2009-06-22
164,E00164,Corporate Banking,Loan Officer,16,Band 2 (5-8L),CA,Exceeds Expectations,2006-02-26
165,E00165,Treasury,Analyst,25,Band 2 (5-8L),Graduate,Meets Expectations,2011-06-18
166,E00166,Retail Banking,Teller,6,Band 5 (20L+),MBA,Outstanding,2012-12-25
167,E00167,Risk & Compliance,Customer Service Rep,18,Band 2 (5-8L),Post Graduate,Needs Improvement,2014-09-19
168,E00168,Retail Banking,Loan Officer,1,Band 2 (5-8L),MBA,Meets Expectations,2005-05-19
169,E00169,Corporate Banking,Branch Manager,1,Band 4 (12-20L),Post Graduate,Needs Improvement,2000-05-06
170,E00170,Corporate Banking,Teller,26,Band 3 (8-12L),Post Graduate,Exceeds Expectations,2022-04-24
171,E00171,Corporate Banking,Relationship Manager,25,Band 5 (20L+),MBA,Meets Expectations,2019-04-26
172,E00172,Operations,Teller,14,Band 3 (8-12L),CA,Meets Expectations,2007-11-18
173,E00173,Corporate Banking,Teller,6,Band 2 (5-8L),Post Graduate,Meets Expectations,2005-10-17
174,E00174,Treasury,Teller,6,Band 4 (12-20L),Post Graduate,Outstanding,2017-01-20
175,E00175,Treasury,Loan Officer,4,Band 2 (5-8L),Graduate,Outstanding,2010-04-28
176,E00176,Treasury,Loan Officer,12,Band 1 (3-5L),Graduate,Exceeds Expectations,2022-06-10
177,E00177,Treasury,Branch Manager,18,Band 3 (8-12L),MBA,Outstanding,2015-11-20
178,E00178,IT,Customer Service Rep,10,Band 3 (8-12L),Graduate,Meets Expectations,2003-03-26
179,E00179,Treasury,Analyst,3,Band 4 (12-20L),MBA,Meets Expectations,2017-10-23
180,E00180,HR,Teller,3,Band 5 (20L+),Post Graduate,Meets Expectations,2001-11-24
181,E00181,Corporate Banking,Relationship Manager,8,Band 4 (12-20L),PhD,Exceeds Expectations,2019-07-27
182,E00182,IT,Loan Officer,22,Band 1 (3-5L),Graduate,Exceeds Expectations,2000-11-03
183,E00183,Risk & Compliance,Customer Service Rep,23,Band 3 (8-12L),Graduate,Exceeds Expectations,2020-08-15
184,E00184,Operations,Customer Service Rep,25,Band 3 (8-12L),Graduate,Exceeds Expectations,2003-06-29
185,E00185,Corporate Banking,Loan Officer,1,Band 5 (20L+),MBA,Meets Expectations,2014-01-16
186,E00186,Retail Banking,Relationship Manager,18,Band 2 (5-8L),Post Graduate,Exceeds Expectations,2019-04-04
187,E00187,IT,Customer Service Rep,15,Band 1 (3-5L),Graduate,Meets Expectations,2018-02-21
188,E00188,Treasury,Teller,25,Band 4 (12-20L),CA,Exceeds Expectations,2018-09-26
189,E00189,Corporate Banking,Relationship Manager,21,Band 2 (5-8L),CA,Meets Expectations,2012-12-26
190,E00190,Retail Banking,Relationship Manager,20,Band 3 (8-12L),MBA,Exceeds Expectations,2005-03-02
191,E00191,Retail Banking,Teller,17,Band 2 (5-8L),Graduate,Exceeds Expectations,2018-03-03
192,E00192,Operations,Loan Officer,25,Band 2 (5-8L),Post Graduate,Outstanding,2000-12-07
193,E00193,Retail Banking,Customer Service Rep,11,Band 3 (8-12L),MBA,Exceeds Expectations,2014-07-27
194,E00194,Operations,IT Support,13,Band 2 (5-8L),Post Graduate,Meets Expectations,2007-09-16
195,E00195,Treasury,Relationship Manager,25,Band 3 (8-12L),Graduate,Meets Expectations,2020-08-21
196,E00196,Operations,IT Support,20,Band 1 (3-5L),Graduate,Exceeds Expectations,2016-03-25
197,E00197,Corporate Banking,Customer Service Rep,25,Band 2 (5-8L),PhD,Exceeds Expectations,2003-12-14
198,E00198,Risk & Compliance,Teller,10,Band 2 (5-8L),Graduate,Meets Expectations,2019-08-04
199,E00199,Operations,Analyst,13,Band 3 (8-12L),MBA,Exceeds Expectations,2004-09-30
200,E00200,Retail Banking,Customer Service Rep,17,Band 2 (5-8L),Post Graduate,Exceeds Expectations,2010-11-30
201,E00201,Corporate Banking,Teller,21,Band 3 (8-12L),MBA,Meets Expectations,2019-07-18
202,E00202,Operations,Analyst,1,Band 3 (8-12L),MBA,Exceeds Expectations,2017-12-17
203,E00203,IT,Customer Service Rep,20,Band 3 (8-12L),Post Graduate,Meets Expectations,2003-07-12
204,E00204,Risk & Compliance,Customer Service Rep,16,Band 3 (8-12L),Post Graduate,Meets Expectations,2017-10-02
205,E00205,Retail Banking,Analyst,16,Band 2 (5-8L),MBA,Meets Expectations,2013-12-01
206,E00206,Retail Banking,Teller,21,Band 2 (5-8L),Post Graduate,Meets Expectations,2015-03-25
207,E00207,Retail Banking,Customer Service Rep,27,Band 3 (8-12L),MBA,Outstanding,2009-12-09
208,E00208,Operations,Customer Service Rep,3,Band 1 (3-5L),MBA,Exceeds Expectations,2014-12-09
209,E00209,IT,Teller,2,Band 4 (12-20L),Post Graduate,Needs Improvement,2007-07-17
210,E00210,Corporate Banking,Relationship Manager,6,Band 4 (12-20L),Post Graduate,Exceeds Expectations,2003-06-05
211,E00211,Corporate Banking,Customer Service Rep,11,Band 2 (5-8L),Graduate,Meets Expectations,2022-11-24
212,E00212,Treasury,Branch Manager,3,Band 3 (8-12L),MBA,Meets Expectations,2005-02-11
213,E00213,Risk & Compliance,Customer Service Rep,26,Band 4 (12-20L),Graduate,Meets Expectations,2022-11-16
214,E00214,Retail Banking,Analyst,1,Band 2 (5-8L),PhD,Exceeds Expectations,2008-09-11
215,E00215,IT,Teller,11,Band 3 (8-12L),PhD,Outstanding,2015-09-03
216,E00216,Operations,Relationship Manager,13,Band 1 (3-5L),Graduate,Exceeds Expectations,2015-10-01
217,E00217,Retail Banking,Relationship Manager,5,Band 2 (5-8L),Graduate,Exceeds Expectations,2006-08-16
218,E00218,Corporate Banking,Loan Officer,18,Band 4 (12-20L),Post Graduate,Needs Improvement,2010-08-07
219,E00219,Retail Banking,Analyst,15,Band 3 (8-12L),PhD,Meets Expectations,2004-08-11
220,E00220,Retail Banking,Loan Officer,18,Band 3 (8-12L),Post Graduate,Meets Expectations,2006-07-27
221,E00221,Operations,Relationship Manager,15,Band 4 (12-20L),Post Graduate,Exceeds Expectations,2011-06-25
222,E00222,Corporate Banking,Loan Officer,20,Band 3 (8-12L),MBA,Outstanding,2008-11-06
223,E00223,Corporate Banking,Customer Service Rep,20,Band 3 (8-12L),Graduate,Exceeds Expectations,2007-10-13
224,E00224,Corporate Banking,Teller,20,Band 3 (8-12L),Post Graduate,Exceeds Expectations,2006-11-09
225,E00225,Retail Banking,Customer Service Rep,7,Band 3 (8-12L),Graduate,Exceeds Expectations,2003-05-19
226,E00226,Operations,Teller,17,Band 4 (12-20L),MBA,Exceeds Expectations,2007-12-12
227,E00227,Corporate Banking,Customer Service Rep,8,Band 5 (20L+),Graduate,Exceeds Expectations,2022-03-01
228,E00228,Corporate Banking,Teller,13,Band 3 (8-12L),Post Graduate,Exceeds Expectations,2020-10-23
229,E00229,Treasury,Teller,26,Band 3 (8-12L),CA,Needs Improvement,2020-02-19
230,E00230,Retail Banking,Analyst,16,Band 1 (3-5L),Post Graduate,Exceeds Expectations,2014-07-01
231,E00231,Operations,Loan Officer,25,Band 4 (12-20L),MBA,Meets Expectations,2014-03-07
232,E00232,Corporate Banking,Teller,10,Band 3 (8-12L),Graduate,Exceeds Expectations,2006-10-09
233,E00233,HR,Analyst,14,Band 3 (8-12L),Post Graduate,Exceeds Expectations,2019-09-23
234,E00234,IT,Customer Service Rep,6,Band 2 (5-8L),Graduate,Exceeds Expectations,2003-01-23
235,E00235,Retail Banking,Relationship Manager,20,Band 4 (12-20L),Post Graduate,Meets Expectations,2021-01-12
236,E00236,Operations,Loan Officer,22,Band 1 (3-5L),Graduate,Exceeds Expectations,2019-11-02
237,E00237,Retail Banking,Analyst,26,Band 2 (5-8L),Graduate,Outstanding,2013-08-01
238,E00238,Treasury,Customer Service Rep,7,Band 3 (8-12L),Graduate,Meets Expectations,2012-04-27
239,E00239,Retail Banking,Relationship Manager,6,Band 3 (8-12L),Post Graduate,Outstanding,2002-07-09
240,E00240,IT,Loan Officer,27,Band 2 (5-8L),Post Graduate,Exceeds Expectations,2015-10-15
241,E00241,Retail Banking,Loan Officer,17,Band 3 (8-12L),Post Graduate,Exceeds Expectations,2022-10-04
242,E00242,Operations,Customer Service Rep,21,Band 2 (5-8L),Graduate,Exceeds Expectations,2003-04-30
243,E00243,Treasury,Relationship Manager,24,Band 1 (3-5L),MBA,Meets Expectations,2013-12-03
244,E00244,HR,Customer Service Rep,8,Band 1 (3-5L),Post Graduate,Meets Expectations,2020-09-17
245,E00245,Retail Banking,Branch Manager,12,Band 4 (12-20L),Post Graduate,Exceeds Expectations,2020-04-09
246,E00246,Corporate Banking,Customer Service Rep,26,Band 2 (5-8L),MBA,Outstanding,2001-09-08
247,E00247,Retail Banking,IT Support,25,Band 1 (3-5L),Post Graduate,Meets Expectations,2002-07-21
248,E00248,Corporate Banking,Relationship Manager,4,Band 3 (8-12L),Graduate,Exceeds Expectations,2016-07-16
249,E00249,Retail Banking,Teller,10,Band 2 (5-8L),Post Graduate,Meets Expectations,2012-11-16
250,E00250,Retail Banking,Loan Officer,6,Band 3 (8-12L),CA,Exceeds Expectations,2003-06-11
251,E00251,Corporate Banking,Customer Service Rep,7,Band 4 (12-20L),Post Graduate,Meets Expectations,2004-01-19
252,E00252,Retail Banking,Teller,21,Band 4 (12-20L),MBA,Needs Improvement,2022-09-29
253,E00253,Corporate Banking,Customer Service Rep,27,Band 2 (5-8L),MBA,Meets Expectations,2017-03-31
254,E00254,Retail Banking,Analyst,8,Band 2 (5-8L),Post Graduate,Exceeds Expectations,2020-10-03
255,E00255,Retail Banking,Customer Service Rep,3,Band 3 (8-12L),MBA,Meets Expectations,2001-11-03
256,E00256,Operations,Customer Service Rep,8,Band 2 (5-8L),Post Graduate,Meets Expectations,2020-03-04
257,E00257,Retail Banking,Teller,15,Band 1 (3-5L),Post Graduate,Meets Expectations,2008-06-11
258,E00258,Corporate Banking,Analyst,21,Band 2 (5-8L),Post Graduate,Outstanding,2014-06-03
259,E00259,Corporate Banking,Teller,1,Band 1 (3-5L),MBA,Meets Expectations,2021-05-02
260,E00260,Corporate Banking,Relationship Manager,13,Band 5 (20L+),Post Graduate,Outstanding,2022-06-28
261,E00261,Operations,Teller,22,Band 3 (8-12L),Graduate,Outstanding,2006-10-07
262,E00262,Corporate Banking,Customer Service Rep,18,Band 1 (3-5L),MBA,Meets Expectations,2002-10-10
263,E00263,Retail Banking,Analyst,15,Band 2 (5-8L),MBA,Outstanding,2020-03-17
264,E00264,HR,Relationship Manager,7,Band 5 (20L+),PhD,Meets Expectations,2004-08-22
265,E00265,Treasury,Customer Service Rep,15,Band 2 (5-8L),Post Graduate,Meets Expectations,2015-05-28
266,E00266,Retail Banking,Customer Service Rep,25,Band 3 (8-12L),Graduate,Needs Improvement,2003-10-13
267,E00267,Corporate Banking,Loan Officer,3,Band 2 (5-8L),Graduate,Meets Expectations,2022-08-19
268,E00268,Retail Banking,Customer Service Rep,26,Band 4 (12-20L),MBA,Exceeds Expectations,2007-09-28
269,E00269,Retail Banking,Relationship Manager,14,Band 3 (8-12L),Graduate,Exceeds Expectations,2001-10-03
270,E00270,Retail Banking,Relationship Manager,20,Band 1 (3-5L),CA,Exceeds Expectations,2011-02-11
271,E00271,Operations,Analyst,4,Band 2 (5-8L),Graduate,Exceeds Expectations,2019-08-21
272,E00272,Retail Banking,Teller,4,Band 3 (8-12L),CA,Exceeds Expectations,2019-09-17
273,E00273,Risk & Compliance,Relationship Manager,3,Band 4 (12-20L),MBA,Meets Expectations,2023-06-13
274,E00274,Corporate Banking,Customer Service Rep,5,Band 1 (3-5L),CA,Exceeds Expectations,2007-02-13
275,E00275,Retail Banking,Analyst,25,Band 3 (8-12L),Graduate,Exceeds Expectations,2016-04-28
276,E00276,IT,Loan Officer,11,Band 2 (5-8L),Post Graduate,Meets Expectations,2016-09-21
277,E00277,Retail Banking,Teller,8,Band 4 (12-20L),Graduate,Exceeds Expectations,2012-09-08
278,E00278,Corporate Banking,Teller,26,Band 3 (8-12L),Graduate,Exceeds Expectations,2017-05-18
279,E00279,Corporate Banking,Customer Service Rep,2,Band 2 (5-8L),Post Graduate,Outstanding,2018-05-03
280,E00280,Retail Banking,Relationship Manager,16,Band 1 (3-5L),MBA,Meets Expectations,2015-03-06
281,E00281,Retail Banking,Relationship Manager,25,Band 1 (3-5L),Graduate,Meets Expectations,2002-05-07
282,E00282,Retail Banking,Teller,10,Band 3 (8-12L),CA,Meets Expectations,2015-01-04
283,E00283,Retail Banking,Loan Officer,18,Band 2 (5-8L),Graduate,Exceeds Expectations,2002-12-15
284,E00284,Retail Banking,Teller,7,Band 2 (5-8L),Post Graduate,Meets Expectations,2014-10-15
285,E00285,Treasury,Teller,5,Band 5 (20L+),Graduate,Meets Expectations,2004-03-28
286,E00286,Retail Banking,Branch Manager,7,Band 2 (5-8L),MBA,Exceeds Expectations,2017-05-04
287,E00287,Retail Banking,Branch Manager,21,Band 3 (8-12L),Graduate,Exceeds Expectations,2012-09-29
288,E00288,Treasury,Teller,6,Band 1 (3-5L),CA,Meets Expectations,2011-04-21
289,E00289,Operations,Loan Officer,24,Band 1 (3-5L),Post Graduate,Exceeds Expectations,2006-09-29
290,E00290,Corporate Banking,Loan Officer,1,Band 2 (5-8L),CA,Meets Expectations,2014-12-14
291,E00291,Retail Banking,Teller,11,Band 3 (8-12L),Graduate,Exceeds Expectations,2003-08-28
292,E00292,Operations,Teller,13,Band 2 (5-8L),Post Graduate,Meets Expectations,2006-05-06
293,E00293,Retail Banking,Teller,12,Band 4 (12-20L),MBA,Exceeds Expectations,2015-09-10
294,E00294,Operations,Teller,1,Band 2 (5-8L),MBA,Exceeds Expectations,2013-11-30
295,E00295,Treasury,Relationship Manager,21,Band 2 (5-8L),Post Graduate,Exceeds Expectations,2017-07-31
296,E00296,Corporate Banking,Relationship Manager,15,Band 4 (12-20L),CA,Meets Expectations,2005-10-13
297,E00297,Retail Banking,Teller,1,Band 2 (5-8L),Graduate,Meets Expectations,2003-10-20
298,E00298,Operations,IT Support,3,Band 2 (5-8L),MBA,Meets Expectations,2013-11-20
299,E00299,Corporate Banking,Teller,26,Band 1 (3-5L),Post Graduate,Meets Expectations,2016-11-23
300,E00300,Corporate Banking,Analyst,15,Band 3 (8-12L),Graduate,Outstanding,2014-09-25
301,E00301,Corporate Banking,Teller,9,Band 4 (12-20L),Post Graduate,Meets Expectations,2005-09-24
302,E00302,Operations,Teller,14,Band 1 (3-5L),CA,Exceeds Expectations,2004-03-11
303,E00303,Operations,Customer Service Rep,23,Band 2 (5-8L),PhD,Exceeds Expectations,2018-12-29
304,E00304,Treasury,Relationship Manager,22,Band 3 (8-12L),Post Graduate,Outstanding,2022-10-23
305,E00305,IT,Relationship Manager,24,Band 4 (12-20L),CA,Outstanding,2016-03-25
306,E00306,Retail Banking,IT Support,8,Band 2 (5-8L),Post Graduate,Outstanding,2000-10-25
307,E00307,Operations,Loan Officer,22,Band 4 (12-20L),MBA,Exceeds Expectations,2016-04-06
308,E00308,Retail Banking,Branch Manager,4,Band 2 (5-8L),Graduate,Outstanding,2013-11-08
309,E00309,IT,Branch Manager,20,Band 1 (3-5L),Post Graduate,Meets Expectations,2008-02-01
310,E00310,Retail Banking,Analyst,20,Band 1 (3-5L),Graduate,Exceeds Expectations,2009-08-10
311,E00311,Corporate Banking,Analyst,6,Band 2 (5-8L),Graduate,Exceeds Expectations,2015-04-30
312,E00312,IT,Teller,1,Band 2 (5-8L),Post Graduate,Meets Expectations,2021-10-24
313,E00313,Retail Banking,Relationship Manager,18,Band 4 (12-20L),MBA,Outstanding,2008-08-11
314,E00314,IT,Customer Service Rep,6,Band 2 (5-8L),Post Graduate,Meets Expectations,2010-02-28
315,E00315,Operations,Teller,14,Band 2 (5-8L),CA,Meets Expectations,2006-03-03
316,E00316,Corporate Banking,Teller,11,Band 1 (3-5L),MBA,Exceeds Expectations,2006-12-13
317,E00317,Corporate Banking,Customer Service Rep,17,Band 3 (8-12L),Graduate,Outstanding,2003-06-18
318,E00318,Risk & Compliance,Teller,9,Band 4 (12-20L),Post Graduate,Outstanding,2013-04-08
319,E00319,Retail Banking,Loan Officer,22,Band 2 (5-8L),MBA,Exceeds Expectations,2004-07-15
320,E00320,Operations,Analyst,7,Band 2 (5-8L),CA,Outstanding,2022-10-09
321,E00321,Operations,Customer Service Rep,14,Band 1 (3-5L),PhD,Exceeds Expectations,2001-09-10
322,E00322,Risk & Compliance,Teller,17,Band 2 (5-8L),MBA,Outstanding,2015-02-08
323,E00323,Operations,Teller,8,Band 1 (3-5L),Post Graduate,Meets Expectations,2005-11-17
324,E00324,Operations,Teller,16,Band 2 (5-8L),MBA,Outstanding,2016-11-24
325,E00325,Risk & Compliance,Teller,12,Band 3 (8-12L),Graduate,Meets Expectations,2006-12-02
326,E00326,IT,Teller,12,Band 3 (8-12L),Graduate,Exceeds Expectations,2007-04-12
327,E00327,Operations,Teller,5,Band 2 (5-8L),MBA,Meets Expectations,2008-02-10
328,E00328,Retail Banking,Relationship Manager,5,Band 2 (5-8L),CA,Exceeds Expectations,2007-06-05
329,E00329,Corporate Banking,Relationship Manager,14,Band 3 (8-12L),PhD,Meets Expectations,2019-08-19
330,E00330,Operations,Teller,6,Band 3 (8-12L),Post Graduate,Exceeds Expectations,2001-12-16
331,E00331,Corporate Banking,Loan Officer,7,Band 1 (3-5L),MBA,Meets Expectations,2018-06-06
332,E00332,Retail Banking,Loan Officer,23,Band 4 (12-20L),CA,Outstanding,2016-05-04
333,E00333,Retail Banking,Teller,21,Band 2 (5-8L),MBA,Exceeds Expectations,2010-08-27
334,E00334,Operations,Customer Service Rep,17,Band 1 (3-5L),Post Graduate,Outstanding,2019-12-04
335,E00335,Retail Banking,Customer Service Rep,27,Band 1 (3-5L),MBA,Exceeds Expectations,2012-10-12
336,E00336,Retail Banking,Teller,9,Band 5 (20L+),Post Graduate,Outstanding,2020-02-20
337,E00337,Corporate Banking,Relationship Manager,22,Band 2 (5-8L),MBA,Exceeds Expectations,2010-06-30
338,E00338,IT,Loan Officer,13,Band 4 (12-20L),MBA,Outstanding,2010-09-23
339,E00339,Corporate Banking,Teller,9,Band 2 (5-8L),MBA,Exceeds Expectations,2013-11-18
340,E00340,Retail Banking,Relationship Manager,27,Band 2 (5-8L),Graduate,Meets Expectations,2021-01-14
341,E00341,Retail Banking,IT Support,16,Band 3 (8-12L),Post Graduate,Needs Improvement,2008-09-13
342,E00342,Corporate Banking,Teller,4,Band 1 (3-5L),Post Graduate,Exceeds Expectations,2016-07-01
343,E00343,IT,Loan Officer,2,Band 2 (5-8L),Graduate,Meets Expectations,2019-10-06
344,E00344,Operations,Teller,13,Band 2 (5-8L),PhD,Meets Expectations,2020-09-16
345,E00345,Retail Banking,Relationship Manager,13,Band 4 (12-20L),Graduate,Exceeds Expectations,2012-08-21
346,E00346,Corporate Banking,Relationship Manager,19,Band 2 (5-8L),Post Graduate,Outstanding,2017-02-16
347,E00347,HR,Loan Officer,12,Band 2 (5-8L),CA,Outstanding,2022-07-23
348,E00348,Retail Banking,Relationship Manager,4,Band 2 (5-8L),Graduate,Meets Expectations,2018-10-12
349,E00349,Corporate Banking,Relationship Manager,10,Band 3 (8-12L),MBA,Exceeds Expectations,2007-04-09
350,E00350,Corporate Banking,IT Support,16,Band 1 (3-5L),Post Graduate,Meets Expectations,2008-12-15
351,E00351,Retail Banking,Teller,24,Band 2 (5-8L),Graduate,Meets Expectations,2006-03-17
352,E00352,Retail Banking,Branch Manager,19,Band 2 (5-8L),CA,Exceeds Expectations,2011-03-20
353,E00353,Operations,Teller,8,Band 3 (8-12L),Graduate,Exceeds Expectations,2002-05-04
354,E00354,Retail Banking,Loan Officer,6,Band 2 (5-8L),Post Graduate,Meets Expectations,2021-07-22
355,E00355,Retail Banking,Teller,4,Band 2 (5-8L),Graduate,Outstanding,2016-08-25
356,E00356,Retail Banking,Branch Manager,7,Band 3 (8-12L),Graduate,Exceeds Expectations,2004-08-07
357,E00357,Retail Banking,Teller,14,Band 5 (20L+),CA,Exceeds Expectations,2023-02-21
358,E00358,Corporate Banking,Relationship Manager,27,Band 3 (8-12L),MBA,Needs Improvement,2005-08-04
359,E00359,Retail Banking,Loan Officer,13,Band 2 (5-8L),Graduate,Exceeds Expectations,2012-10-14
360,E00360,Retail Banking,Loan Officer,21,Band 3 (8-12L),MBA,Meets Expectations,2003-10-06
361,E00361,IT,Branch Manager,5,Band 4 (12-20L),MBA,Outstanding,2007-03-11
362,E00362,Operations,Teller,9,Band 2 (5-8L),CA,Outstanding,2012-03-27
363,E00363,Corporate Banking,Teller,3,Band 2 (5-8L),Post Graduate,Meets Expectations,2020-02-26
364,E00364,Retail Banking,Loan Officer,10,Band 1 (3-5L),CA,Meets Expectations,2023-01-10
365,E00365,Operations,Teller,15,Band 4 (12-20L),Post Graduate,Exceeds Expectations,2006-08-11
366,E00366,Retail Banking,Teller,20,Band 2 (5-8L),MBA,Meets Expectations,2019-08-16
367,E00367,Retail Banking,IT Support,21,Band 1 (3-5L),PhD,Outstanding,2004-02-11
368,E00368,Operations,Branch Manager,17,Band 2 (5-8L),Graduate,Meets Expectations,2009-12-16
369,E00369,Risk & Compliance,IT Support,23,Band 4 (12-20L),Graduate,Outstanding,2020-03-27
370,E00370,Corporate Banking,Branch Manager,24,Band 2 (5-8L),Post Graduate,Meets Expectations,2015-09-06
371,E00371,Retail Banking,Teller,6,Band 3 (8-12L),Graduate,Meets Expectations,2001-03-12
372,E00372,HR,Teller,25,Band 4 (12-20L),Graduate,Exceeds Expectations,2018-08-11
373,E00373,Retail Banking,Relationship Manager,3,Band 2 (5-8L),MBA,Meets Expectations,2002-05-22
374,E00374,HR,Relationship Manager,18,Band 3 (8-12L),Post Graduate,Needs Improvement,2017-10-13
375,E00375,Corporate Banking,Teller,5,Band 2 (5-8L),Post Graduate,Exceeds Expectations,2022-07-08
376,E00376,Corporate Banking,IT Support,13,Band 4 (12-20L),Post Graduate,Meets Expectations,2016-10-09
377,E00377,Corporate Banking,Teller,25,Band 3 (8-12L),Graduate,Meets Expectations,2010-07-29
378,E00378,Treasury,Loan Officer,27,Band 4 (12-20L),Post Graduate,Meets Expectations,2017-04-27
379,E00379,HR,Customer Service Rep,1,Band 2 (5-8L),MBA,Needs Improvement,2003-08-30
380,E00380,Corporate Banking,Customer Service Rep,17,Band 2 (5-8L),Graduate,Exceeds Expectations,2016-10-25
381,E00381,Operations,Customer Service Rep,26,Band 1 (3-5L),PhD,Meets Expectations,2010-01-26
382,E00382,Operations,Teller,3,Band 2 (5-8L),Post Graduate,Meets Expectations,2001-04-06
383,E00383,Operations,Relationship Manager,26,Band 4 (12-20L),CA,Exceeds Expectations,2014-04-18
384,E00384,IT,Teller,19,Band 2 (5-8L),Graduate,Exceeds Expectations,2004-06-11
385,E00385,Retail Banking,Relationship Manager,21,Band 1 (3-5L),MBA,Exceeds Expectations,2015-01-15
386,E00386,Retail Banking,Relationship Manager,20,Band 1 (3-5L),MBA,Meets Expectations,2006-07-20
387,E00387,Treasury,Branch Manager,22,Band 2 (5-8L),MBA,Meets Expectations,2006-03-04
388,E00388,Risk & Compliance,Analyst,12,Band 1 (3-5L),MBA,Exceeds Expectations,2001-09-19
389,E00389,Retail Banking,Analyst,8,Band 2 (5-8L),PhD,Exceeds Expectations,2012-11-13
390,E00390,Retail Banking,Relationship Manager,8,Band 4 (12-20L),MBA,Outstanding,2021-03-11
391,E00391,Treasury,Relationship Manager,15,Band 2 (5-8L),MBA,Outstanding,2006-03-23
392,E00392,Corporate Banking,Relationship Manager,11,Band 3 (8-12L),CA,Meets Expectations,2021-01-15
393,E00393,Operations,Teller,20,Band 2 (5-8L),MBA,Exceeds Expectations,2020-02-14
394,E00394,Retail Banking,Relationship Manager,1,Band 3 (8-12L),Post Graduate,Meets Expectations,2000-03-27
395,E00395,HR,Analyst,16,Band 1 (3-5L),Graduate,Meets Expectations,2003-07-22
396,E00396,Retail Banking,Relationship Manager,14,Band 4 (12-20L),CA,Needs Improvement,2000-11-07
397,E00397,Retail Banking,Relationship Manager,7,Band 3 (8-12L),Post Graduate,Exceeds Expectations,2011-06-25
398,E00398,Retail Banking,Relationship Manager,6,Band 2 (5-8L),MBA,Needs Improvement,2009-09-03
399,E00399,Risk & Compliance,IT Support,21,Band 1 (3-5L),Graduate,Exceeds Expectations,2006-09-15
400,E00400,Operations,Analyst,4,Band 1 (3-5L),Post Graduate,Meets Expectations,2018-12-26
401,E00401,IT,Customer Service Rep,22,Band 3 (8-12L),MBA,Meets Expectations,2004-12-26
402,E00402,Corporate Banking,Teller,8,Band 3 (8-12L),Post Graduate,Exceeds Expectations,2012-12-03
403,E00403,Risk & Compliance,Relationship Manager,22,Band 2 (5-8L),Post Graduate,Outstanding,2010-08-29
404,E00404,IT,Relationship Manager,19,Band 2 (5-8L),Graduate,Outstanding,2013-07-05
405,E00405,IT,Teller,25,Band 4 (12-20L),Post Graduate,Meets Expectations,2005-06-19
406,E00406,Treasury,Customer Service Rep,3,Band 4 (12-20L),MBA,Exceeds Expectations,2002-02-21
407,E00407,Corporate Banking,Teller,4,Band 3 (8-12L),Graduate,Needs Improvement,2010-09-11
408,E00408,Operations,Teller,13,Band 2 (5-8L),MBA,Exceeds Expectations,2018-10-31
409,E00409,Risk & Compliance,Loan Officer,21,Band 4 (12-20L),Post Graduate,Needs Improvement,2020-07-03
410,E00410,IT,Relationship Manager,27,Band 3 (8-12L),PhD,Exceeds Expectations,2002-10-26
411,E00411,Operations,Loan Officer,2,Band 2 (5-8L),Graduate,Outstanding,2004-12-21
412,E00412,Retail Banking,Teller,11,Band 1 (3-5L),Graduate,Exceeds Expectations,2022-06-03
413,E00413,Operations,Branch Manager,16,Band 3 (8-12L),Post Graduate,Meets Expectations,2000-09-26
414,E00414,Corporate Banking,Teller,10,Band 1 (3-5L),Post Graduate,Meets Expectations,2023-02-12
415,E00415,Retail Banking,Analyst,15,Band 1 (3-5L),Graduate,Outstanding,2010-11-07
416,E00416,HR,Teller,27,Band 4 (12-20L),MBA,Exceeds Expectations,2006-06-10
417,E00417,Retail Banking,Teller,10,Band 3 (8-12L),Post Graduate,Exceeds Expectations,2013-01-24
418,E00418,Corporate Banking,Relationship Manager,2,Band 4 (12-20L),Post Graduate,Meets Expectations,2019-04-03
419,E00419,Operations,Loan Officer,6,Band 2 (5-8L),Post Graduate,Exceeds Expectations,2000-01-26
420,E00420,Corporate Banking,Customer Service Rep,14,Band 4 (12-20L),CA,Meets Expectations,2015-10-29
421,E00421,Retail Banking,Teller,2,Band 2 (5-8L),Graduate,Meets Expectations,2010-10-16
422,E00422,Corporate Banking,Relationship Manager,10,Band 3 (8-12L),Graduate,Meets Expectations,2018-09-08
423,E00423,Retail Banking,IT Support,17,Band 2 (5-8L),Graduate,Meets Expectations,2008-05-26
424,E00424,Retail Banking,Customer Service Rep,8,Band 1 (3-5L),MBA,Exceeds Expectations,2003-11-03
425,E00425,Retail Banking,Loan Officer,26,Band 2 (5-8L),MBA,Needs Improvement,2023-06-25
426,E00426,Retail Banking,Teller,16,Band 3 (8-12L),Post Graduate,Exceeds Expectations,2016-03-05
427,E00427,Retail Banking,Relationship Manager,14,Band 1 (3-5L),Graduate,Exceeds Expectations,2003-01-13
428,E00428,Corporate Banking,Customer Service Rep,10,Band 2 (5-8L),Graduate,Meets Expectations,2022-10-04
429,E00429,Risk & Compliance,Loan Officer,13,Band 2 (5-8L),MBA,Outstanding,2022-10-08
430,E00430,Corporate Banking,Loan Officer,1,Band 1 (3-5L),Graduate,Exceeds Expectations,2000-11-29
431,E00431,Operations,Relationship Manager,10,Band 3 (8-12L),CA,Outstanding,2017-07-07
432,E00432,Corporate Banking,Loan Officer,22,Band 5 (20L+),Graduate,Outstanding,2021-02-01
433,E00433,IT,Customer Service Rep,12,Band 2 (5-8L),Graduate,Outstanding,2001-12-14
434,E00434,Operations,Analyst,17,Band 3 (8-12L),Graduate,Outstanding,2017-05-09
435,E00435,Corporate Banking,Relationship Manager,24,Band 5 (20L+),MBA,Exceeds Expectations,2016-09-29
436,E00436,Retail Banking,Loan Officer,14,Band 3 (8-12L),MBA,Meets Expectations,2011-05-18
437,E00437,Retail Banking,Loan Officer,5,Band 3 (8-12L),PhD,Meets Expectations,2000-09-23
438,E00438,Operations,Analyst,19,Band 1 (3-5L),Post Graduate,Meets Expectations,2016-01-07
439,E00439,Corporate Banking,Customer Service Rep,5,Band 2 (5-8L),Graduate,Meets Expectations,2003-01-11
440,E00440,HR,IT Support,15,Band 2 (5-8L),Post Graduate,Meets Expectations,2015-06-20
441,E00441,Retail Banking,IT Support,13,Band 2 (5-8L),Post Graduate,Meets Expectations,2010-10-25
442,E00442,Retail Banking,Relationship Manager,17,Band 4 (12-20L),Post Graduate,Meets Expectations,2004-08-25
443,E00443,Operations,Customer Service Rep,1,Band 2 (5-8L),Post Graduate,Meets Expectations,2014-11-30
444,E00444,HR,Loan Officer,14,Band 1 (3-5L),Graduate,Exceeds Expectations,2005-12-25
445,E00445,Corporate Banking,Relationship Manager,4,Band 4 (12-20L),Graduate,Meets Expectations,2001-12-27
446,E00446,Operations,Relationship Manager,25,Band 2 (5-8L),MBA,Meets Expectations,2015-10-21
447,E00447,Retail Banking,Relationship Manager,9,Band 4 (12-20L),Post Graduate,Meets Expectations,2015-03-09
448,E00448,Operations,Customer Service Rep,17,Band 3 (8-12L),MBA,Exceeds Expectations,2007-11-08
449,E00449,IT,Teller,3,Band 1 (3-5L),Post Graduate,Outstanding,2020-11-03
450,E00450,HR,Analyst,13,Band 3 (8-12L),MBA,Outstanding,2021-06-19
451,E00451,Retail Banking,Loan Officer,12,Band 3 (8-12L),Post Graduate,Needs Improvement,2008-03-05
452,E00452,Corporate Banking,Customer Service Rep,16,Band 2 (5-8L),Graduate,Meets Expectations,2006-01-18
453,E00453,Operations,Teller,4,Band 2 (5-8L),PhD,Exceeds Expectations,2002-10-30
454,E00454,Retail Banking,Teller,18,Band 2 (5-8L),Post Graduate,Exceeds Expectations,2020-07-12
455,E00455,Operations,Teller,23,Band 3 (8-12L),MBA,Meets Expectations,2001-08-28
456,E00456,Corporate Banking,Relationship Manager,3,Band 2 (5-8L),MBA,Exceeds Expectations,2013-02-28
457,E00457,Retail Banking,Customer Service Rep,17,Band 3 (8-12L),Post Graduate,Exceeds Expectations,2009-01-15
458,E00458,IT,Loan Officer,1,Band 2 (5-8L),MBA,Outstanding,2001-12-18
459,E00459,Retail Banking,Branch Manager,19,Band 2 (5-8L),CA,Outstanding,2008-12-12
460,E00460,Treasury,Customer Service Rep,22,Band 1 (3-5L),Post Graduate,Exceeds Expectations,2001-11-17
461,E00461,IT,Relationship Manager,4,Band 1 (3-5L),MBA,Meets Expectations,2014-02-26
462,E00462,Operations,Teller,17,Band 2 (5-8L),MBA,Outstanding,2013-11-28
463,E00463,Retail Banking,Loan Officer,7,Band 2 (5-8L),Graduate,Exceeds Expectations,2023-02-13
464,E00464,Risk & Compliance,Branch Manager,2,Band 2 (5-8L),Post Graduate,Meets Expectations,2017-11-11
465,E00465,IT,Customer Service Rep,12,Band 5 (20L+),Graduate,Meets Expectations,2021-03-27
466,E00466,Retail Banking,Customer Service Rep,5,Band 2 (5-8L),MBA,Exceeds Expectations,2011-05-13
467,E00467,Corporate Banking,Customer Service Rep,16,Band 3 (8-12L),MBA,Meets Expectations,2001-08-22
468,E00468,Retail Banking,Relationship Manager,8,Band 4 (12-20L),MBA,Needs Improvement,2008-07-28
469,E00469,Treasury,Teller,23,Band 4 (12-20L),Graduate,Needs Improvement,2012-10-31
470,E00470,HR,Relationship Manager,27,Band 4 (12-20L),Post Graduate,Meets Expectations,2016-01-05
471,E00471,Risk & Compliance,IT Support,8,Band 1 (3-5L),MBA,Meets Expectations,2002-02-22
472,E00472,IT,Relationship Manager,13,Band 3 (8-12L),Post Graduate,Exceeds Expectations,2014-11-21
473,E00473,Corporate Banking,Teller,26,Band 4 (12-20L),MBA,Meets Expectations,2012-04-03
474,E00474,Retail Banking,Analyst,14,Band 4 (12-20L),MBA,Meets Expectations,2005-08-01
475,E00475,Retail Banking,Customer Service Rep,11,Band 3 (8-12L),Graduate,Exceeds Expectations,2016-07-04
476,E00476,Retail Banking,Customer Service Rep,6,Band 1 (3-5L),Graduate,Exceeds Expectations,2019-08-08
477,E00477,Corporate Banking,IT Support,16,Band 5 (20L+),Post Graduate,Meets Expectations,2017-12-10
478,E00478,Risk & Compliance,Teller,23,Band 2 (5-8L),MBA,Needs Improvement,2019-09-22
479,E00479,Treasury,Teller,25,Band 2 (5-8L),CA,Exceeds Expectations,2017-05-05
480,E00480,Retail Banking,Branch Manager,22,Band 2 (5-8L),MBA,Exceeds Expectations,2015-03-17
481,E00481,Operations,Relationship Manager,25,Band 2 (5-8L),Post Graduate,Meets Expectations,2008-05-18
482,E00482,Operations,Loan Officer,15,Band 2 (5-8L),Graduate,Outstanding,2022-04-04
483,E00483,Corporate Banking,Relationship Manager,16,Band 2 (5-8L),MBA,Meets Expectations,2022-04-26
484,E00484,Operations,Customer Service Rep,13,Band 5 (20L+),Graduate,Outstanding,2016-06-23
485,E00485,Corporate Banking,Branch Manager,12,Band 2 (5-8L),MBA,Exceeds Expectations,2023-04-17
486,E00486,Risk & Compliance,Teller,18,Band 2 (5-8L),Graduate,Meets Expectations,2011-12-18
487,E00487,Operations,Customer Service Rep,18,Band 4 (12-20L),Graduate,Outstanding,2003-09-15
488,E00488,IT,Teller,14,Band 2 (5-8L),Graduate,Exceeds Expectations,2019-01-16
489,E00489,Retail Banking,Customer Service Rep,2,Band 2 (5-8L),Graduate,Exceeds Expectations,2003-07-17
490,E00490,Retail Banking,IT Support,22,Band 2 (5-8L),MBA,Exceeds Expectations,2019-04-26
491,E00491,Corporate Banking,Customer Service Rep,2,Band 1 (3-5L),Graduate,Meets Expectations,2008-02-04
492,E00492,IT,Teller,3,Band 1 (3-5L),CA,Meets Expectations,2013-03-06
493,E00493,Risk & Compliance,Analyst,24,Band 3 (8-12L),Post Graduate,Exceeds Expectations,2014-05-29
494,E00494,Corporate Banking,Relationship Manager,8,Band 4 (12-20L),Post Graduate,Exceeds Expectations,2004-08-07
495,E00495,IT,Customer Service Rep,11,Band 3 (8-12L),Post Graduate,Outstanding,2003-08-04
496,E00496,Corporate Banking,Branch Manager,12,Band 1 (3-5L),Post Graduate,Meets Expectations,2014-09-16
497,E00497,Retail Banking,Relationship Manager,4,Band 2 (5-8L),Graduate,Outstanding,2013-04-05
498,E00498,Operations,IT Support,9,Band 1 (3-5L),PhD,Meets Expectations,2013-09-30
499,E00499,IT,Teller,24,Band 2 (5-8L),Post Graduate,Meets Expectations,2020-01-01
500,E00500,Retail Banking,Customer Service Rep,17,Band 1 (3-5L),Graduate,Meets Expectations,2019-02-11
